year,Loss,tmin6
1942,267.0902278,17.42266167
1975,291.5811889,17.17940438
1953,328.7104956,19.07476467
1969,325.1754597,14.71645268
1970,313.945595,16.36220917
1991,314.3273807,18.62951726
1928,224.6567526,14.40448873
1933,296.6254739,19.17723742
1939,274.2292084,17.89409085
1998,309.9546923,17.03532523
1992,255.0406412,14.64522484
1994,269.2770698,17.91005145
1996,286.907647,16.66281066
1997,302.2113746,16.46907597
2000,246.9521426,16.0996979
1962,281.2206442,18.53407462
1933,211.6372542,19.0295218
1935,295.8056846,17.03161071
1972,245.5781552,16.5735238
1979,232.5481101,18.04144731
1970,413.2219952,18.13834443
1983,386.1650553,16.37543706
1968,269.8211022,18.74099893
1969,253.6379929,18.20028328
1974,319.7412988,16.08888537
1955,342.624662,15.73229548
1943,310.2614551,20.68667853
1996,287.0931139,18.37673427
1992,243.5586815,16.80340767
1994,231.1681086,19.55840768
1942,262.6322265,14.54542378
1956,263.6777133,15.27176419
1946,279.8193887,13.49350487
1967,254.311202,14.98972468
1973,274.3410903,15.43447276
1960,291.7758229,13.07603503
1953,259.3072225,14.92631499
1965,267.9282928,12.41912699
1970,328.1343318,15.97337607
1945,336.8605083,15.01033177
1980,303.8395944,15.60254843
1960,325.4919678,15.65784729
1950,305.9978645,15.40665463
1964,312.258961,16.14633871
1929,295.8599813,15.09755184
1932,276.5142538,16.99241143
1931,234.8426185,17.00111134
1933,263.5119438,17.63701404
1929,212.488049,13.39381673
1943,203.5086437,17.6494719
1945,268.8833826,13.54911457
1990,259.3484208,15.49914641
1938,239.689241,14.56774899
1952,221.9940344,17.85273953
1974,291.2829457,13.42320893
1996,232.3293685,15.58755845
1993,252.4399063,14.370728
1999,265.4126078,16.02557677
2017,209.1266393,15.4912073
2004,200.0835858,15.28114767
2011,243.7385332,16.49142012
1969,199.0950595,12.10697636
1926,202.0617775,11.03861528
1975,201.3302471,15.02022281
1971,200.9529949,16.81766362
1973,204.4576856,15.54662365
1944,199.8587399,16.72620579
1987,201.1045705,14.84900049
1950,203.2871396,13.92744467
2001,201.967509,13.63553808
2000,203.7230075,13.69941502
1993,207.888979,13.33506389
2015,201.8203804,14.18542058
2005,203.5721957,16.09838141
2009,201.6227294,14.99197769
1925,197.3937161,17.44109975
1946,229.1517388,16.26841147
1987,235.0323011,17.32913822
1991,239.9893749,17.90276387
1949,244.8949014,17.6605352
1975,221.9784798,16.63436136
1999,243.290854,16.47934863
2003,231.8920517,14.141036
2013,243.2938666,16.78770794
1931,210.5423918,17.0162834
1979,192.592422,15.70459609
1957,255.5365968,16.5443391
1961,254.1281714,14.290812
1960,252.1726149,14.92238769
1926,152.6455313,12.95289718
1958,254.3350267,13.09465705
1965,193.5515428,15.38264722
2010,257.409011,18.27395754
2011,267.7432631,17.26137184
2007,223.7276096,16.52109282
1954,330.910628,18.25069339
1960,228.1972632,15.58566973
1941,185.9759559,17.0001697
1946,200.0670455,16.5408636
1949,224.6473657,17.212965
1942,209.6525961,17.31138984
1940,205.1680487,16.65166937
1985,197.1796148,15.14838112
1947,272.5659751,15.85789228
1996,220.9842822,16.92765401
1995,240.2293869,16.43940294
2015,221.933863,17.56938788
2009,217.3177818,17.80474294
1955,338.9678205,13.80459455
1980,291.2822189,15.34528143
1926,74.96101238,13.53830703
1967,175.2046329,16.32249666
1943,332.7808787,19.14188718
1958,396.4418869,14.14671517
1933,251.4724036,18.10342333
1988,372.1634541,15.71373381
2004,203.9369693,15.94302688
2018,256.0520285,18.811619
1951,391.1475282,16.54775596
1978,367.4851806,16.24966112
1952,451.2561078,19.39609645
1967,309.2361124,17.08588419
1998,415.0444955,18.03475019
2000,365.3130818,16.94550215
2010,387.19754,19.96510485
1973,345.7049807,17.60703558
1983,375.1613586,16.49428803
1976,354.4867333,16.43140392
1951,336.3102146,16.91668561
1977,329.5374474,16.99984219
1965,335.3978218,16.96923783
1929,341.9994447,15.54461058
1963,331.5246119,16.92037212
2010,334.3953532,20.41372714
1948,200.9319446,15.97352155
1959,291.192179,16.0853435
1950,301.0917784,15.60104771
1943,246.0297152,18.83152099
1931,208.8865795,17.30408557
1980,300.1489261,15.33320504
1975,207.8502655,17.14257471
1930,308.4292361,14.64594168
1991,285.6893673,18.36114692
1997,270.3593541,16.87685168
2017,230.602683,16.57484565
2008,255.1314267,17.70274843
2015,251.3401085,17.76315951
2018,200.5041064,18.75285629
1981,323.4551063,18.18838906
1956,348.3828338,16.47593645
1949,384.0201996,18.17823122
1933,386.1054035,18.32667569
1941,342.9529547,17.2492988
1953,422.9622807,19.07747
1945,394.9686839,15.93574484
1998,358.4726494,17.97821415
1960,352.7635358,13.56882137
1936,388.4562687,11.71148638
1941,131.2109885,14.6444857
1988,445.9463766,14.16698024
1948,221.8440737,13.09963725
1931,273.1967149,15.69776707
1981,167.1827553,15.14615108
1985,144.2952323,12.32739778
1989,231.9467386,14.15721049
1929,231.4895679,12.0980802
1963,249.662702,14.14147124
1927,292.5487512,11.83467501
2014,236.3695214,15.49513008
1964,193.1071013,16.34185533
1933,359.6573493,17.66964046
1976,175.8380724,15.4995249
1981,216.9065702,17.00162943
1967,181.4572265,16.56426581
1962,190.5328016,15.89283141
1968,233.0931617,16.38798676
1945,238.4506205,14.60404051
1947,297.9322714,15.18397082
1958,229.9183,13.50290406
1994,184.5296366,16.78888623
2009,214.2137073,16.70280567
2016,204.8233904,17.42554579
1983,374.9101848,16.11199849
1935,248.0414268,14.54791596
1984,269.7158483,18.04292892
1963,139.1016671,15.13902177
1946,208.5523221,16.31288122
1953,271.5540354,18.27463482
1949,252.524045,17.82153626
1973,199.0820454,16.80309018
1937,194.7602561,15.98907398
2009,244.1370079,17.50796046
1983,309.5839431,16.1408062
1945,285.749019,15.08907253
1972,232.4927393,13.61786261
1954,302.9138509,18.05270756
1938,266.9296319,15.53754062
1961,260.4083581,14.62488754
1932,232.2659858,16.52148081
1989,244.5146217,16.48553177
1965,226.6252747,15.7615208
1960,283.0606257,15.21965635
1963,222.7818387,15.25138637
1935,250.3710668,14.7505797
2003,252.0677952,14.38733525
1999,259.0165677,17.46493106
1927,333.6344658,15.68514822
1949,374.0363168,18.57637739
1928,381.3485133,15.1779995
1934,352.7516627,19.3099675
1985,365.9021373,16.79312966
1939,391.1725102,18.29935498
1987,349.0780262,18.18589499
1961,356.383025,15.38031796
1958,380.8035096,15.46813288
1998,381.5775922,18.42194367
2010,376.4568645,20.38011603
2017,367.5778804,17.05837458
1942,347.0406112,17.32782319
1984,380.6359643,18.41915589
1938,305.0338713,15.96804324
1953,337.6655523,18.78082802
1927,238.6896799,14.27255085
1975,280.4728289,16.88763973
1946,301.1059265,16.25482317
1930,370.3079639,14.67551741
2002,370.9010133,18.18026788
1945,274.7641622,14.1493889
1941,224.5437451,16.24603947
1927,243.0670209,13.13601491
1937,228.7951015,15.17484198
1952,286.744367,18.07463194
1984,274.2688349,17.34106086
1992,244.6277219,13.1669673
2006,259.243275,14.90747587
1967,322.5770575,17.4015999
1964,422.378973,17.98717809
1950,401.2072773,17.45546455
1928,387.7152718,15.30177183
1980,486.8149959,16.40064461
1960,382.9015013,16.49984053
1989,359.9016558,16.62237306
1955,447.2251932,14.5885643
1973,421.547208,17.50241439
1945,402.6202311,16.4489818
1981,370.486532,18.61723003
2000,381.6096665,17.24491898
2017,395.092461,17.28658056
2018,401.1631811,20.11018497
1971,237.3546943,18.01470744
1941,244.5436895,16.58949979
1938,254.7409089,15.36423886
1959,267.9799881,16.7867323
1960,297.000448,15.30316546
1975,235.2805789,16.39336141
1981,247.0806227,16.74512526
1970,296.9876471,15.9349055
1987,268.5994316,17.17886608
1999,252.5301077,16.27566818
1998,265.2427299,16.30034894
1992,241.2648374,13.85824162
2008,240.6498022,16.82647932
2018,244.0257325,18.21825165
2017,254.8962426,16.16035845
1970,437.7910731,17.37337525
1967,210.2622687,17.39943486
1988,328.4092924,15.27291803
1953,327.9151848,19.89798795
1999,349.1230647,18.4519553
2003,334.9970086,15.25432569
1966,284.3975459,14.86179788
1967,270.9401665,16.63600005
1971,280.388479,18.29797813
1987,277.1243548,17.35711255
1981,278.1235866,17.49637837
1952,266.1538512,17.23983229
1953,281.3648278,16.08776131
1983,345.3847846,15.39801652
1951,283.2017503,13.68722565
1927,244.5572104,12.46732078
1986,217.6704035,14.49493618
1936,317.6428046,12.22718968
1939,198.0914132,16.40852343
1960,257.515792,14.10020659
1987,257.6759641,16.2361691
1969,208.7667705,12.81840196
2000,252.823531,14.84641523
1996,271.3644044,14.95958738
1994,183.2093273,15.2890902
1971,345.4707635,18.63130301
1932,221.4413583,17.83926474
1925,254.7657557,18.71735023
1959,368.3266884,16.75223617
1943,388.751423,18.90893956
1981,314.5595633,18.66840233
1999,373.1462786,17.72005807
1998,383.7967771,18.27780253
2010,362.6515171,20.44349891
2013,309.7511196,18.04243601
1934,549.0383758,19.67206595
1939,210.3334752,17.81569564
1956,259.4584647,17.3945091
1940,200.0797223,16.93938844
1985,191.3908894,14.50003202
1950,240.9833955,15.52245147
1961,218.0528033,15.19178921
1982,186.0190159,13.64643495
1928,177.2210336,13.95442257
1999,271.002415,16.61046438
1961,245.0436402,14.73656301
1978,198.1553449,15.51245252
1957,279.8796363,16.12670924
1946,227.5544395,15.69052411
1983,317.2681788,16.31179839
1968,265.2028613,16.41869141
1931,199.3221377,17.94138313
1986,177.6096381,17.20087968
1996,229.391293,16.43909589
2002,231.7095323,17.30871531
2001,235.6000132,15.11516833
1973,206.4259009,16.70868112
1989,333.0680076,14.84485233
1962,201.5935372,15.15119945
1956,225.5837747,16.29184274
1960,298.9487938,14.71181423
1932,144.9226215,16.36195254
1967,164.5124792,16.19369391
1938,222.5982977,14.94332567
1940,224.7810524,16.47060488
1977,194.6169469,14.35489676
2002,218.227695,16.72189378
1999,269.9155423,16.19403951
2011,258.0207484,16.27592619
2004,186.0937193,15.37744856
2006,236.1156131,14.92160869
1965,267.8666894,14.68556002
1930,261.6501463,13.96718322
1955,262.1041331,13.15251071
1989,265.9814821,14.97486087
1971,268.5372917,17.02299148
1956,265.9869093,16.0646736
1972,267.7394354,12.66696597
1986,264.4511365,15.25755861
2000,264.25915,15.22428332
1999,265.8748842,16.35770496
1996,264.2681212,15.6294558
2001,265.3512182,14.48260834
2004,267.0346618,14.56043482
2010,262.1672683,17.3138852
2014,265.2279848,16.57932246
2012,256.9612311,14.9024108
1975,342.4086898,17.72436321
1980,465.6135912,16.63960625
1930,450.9796156,15.77327945
1928,352.6919188,15.49751699
1961,321.5905896,15.67588152
1941,369.8758245,17.93746224
1933,331.2705013,18.18914573
1959,373.8797378,17.07759919
2003,362.5955517,14.83969157
1998,392.2865792,19.05729893
1993,362.7338834,17.17465129
2010,398.74251,21.15334559
2004,343.7885387,17.08055076
1950,363.1016016,15.93760848
1932,221.6999822,17.05405223
1937,330.1217837,16.9808817
1981,318.1556971,17.95416555
1930,392.2149708,15.11390493
1988,407.6380892,15.24508321
1973,328.0516955,17.25795936
1931,250.2739713,17.55026292
1978,309.8332994,16.45078182
1954,520.5700457,18.31823156
1984,349.944708,18.65109775
2017,330.1061539,16.53233892
2008,328.677001,18.05655046
1934,548.2036352,19.10205449
1990,505.6123068,16.80670586
1951,436.6206479,16.95911925
1974,467.4615857,14.75641214
1979,339.8344174,16.3411562
1967,315.0125635,17.23105309
1975,407.7351293,17.53628192
1939,456.9307012,18.05091763
1928,339.2917809,14.8388719
1968,378.7487038,17.2539078
1956,442.0138213,16.46888234
1941,563.934824,17.1634127
2000,382.228922,17.06593077
2018,408.9531603,19.7080831
1972,262.4312133,12.28500106
1952,258.4267506,16.09105795
1936,275.45025,12.01106319
1937,271.2481797,13.95980127
1931,268.132947,16.00677287
1971,263.1093335,16.7472035
1969,263.4032769,11.70518866
1985,264.4091821,12.19899335
1998,261.4859619,14.14343427
2001,267.6614295,13.51768118
2014,266.1762411,15.64287412
2016,261.4537095,14.98876852
1947,347.2081944,12.47690199
1980,258.4411469,12.52952267
1971,256.9395834,15.84369925
1938,254.6923096,13.38270147
1970,340.3839688,14.36222147
1940,253.3964282,14.00805985
1932,234.367605,14.63616464
1937,227.6844516,13.33903825
1967,236.3462787,15.28345524
1929,253.2676155,11.70777974
1994,209.0076644,14.11922656
1999,270.369937,15.44479498
2014,266.3454829,15.60840654
1971,279.6199352,16.62660048
1947,326.7656011,13.90901892
1930,307.0024301,14.05461276
1976,294.5160925,15.22653088
1987,296.4474801,16.21259287
1991,367.7375167,16.82062008
1991,368.613704,16.45641485
1957,235.4136888,15.23423591
1985,225.7253229,12.5932288
1966,219.9559842,14.0548554
1942,190.6845714,14.99864819
1953,260.2763265,15.21442093
1932,222.9923019,14.89836492
1992,225.6597445,11.83550283
1998,227.4797807,14.78883536
2003,227.9926469,12.34565093
1996,258.4961227,14.21652688
2001,271.8280099,13.76725667
2006,221.9610229,14.04038752
1965,191.9242955,14.9276793
1977,199.7214311,14.60841059
1926,185.2598595,12.88759729
1978,191.9033833,15.2241187
1967,182.7313156,16.11802292
1956,197.0630451,16.23429585
1963,200.4476901,15.87463301
1990,202.3706554,15.95545783
1947,240.9873146,14.28177635
1991,207.8602463,17.80834682
1933,224.9503704,18.20709405
1974,208.8111664,13.6120786
1951,199.0584531,14.88047141
1993,208.1714179,14.96740904
1994,186.9159966,16.22789054
2003,193.4515289,13.73723425
1996,204.5101716,15.87868679
2001,199.0146547,14.97571787
2013,203.2085359,15.76677355
2015,198.5796884,15.81607976
1969,193.9522916,12.98435659
1977,219.2807647,13.71538292
1943,228.4979629,17.63042385
1926,202.6311291,12.20901143
1958,238.9028464,12.97177847
1946,223.4548199,14.73545307
1996,247.1367276,15.39530591
1993,258.9026588,14.58071449
2001,236.4196319,14.39296323
2015,260.5314608,15.45618685
2004,214.5254332,15.00611149
2013,239.5986208,15.30558664
2008,210.8030972,16.0751654
1973,361.1999681,17.52220528
1984,349.1898437,18.94862215
1939,359.0447819,18.46703503
1925,307.830761,18.62832875
1947,364.9596594,17.08184438
1990,369.016913,17.29386729
1991,399.8813281,18.75872667
1958,380.0232152,15.29100222
1998,364.3147748,18.32897679
2002,389.7114385,18.43656281
1942,181.3875724,15.3688802
1970,327.2086935,14.74565512
1980,238.1112261,13.10943636
1964,239.565664,14.84259367
1987,277.1038562,15.72964583
1953,276.654765,15.8592637
1991,310.927506,16.42177029
1955,320.0193607,13.12806804
1983,318.9946156,14.7398955
1965,221.8011848,13.81528587
1999,267.7981238,15.53577851
2002,246.890597,15.85341199
2008,239.5478568,15.49478332
2015,260.53825,14.62114793
1938,233.0253458,15.00403974
1970,267.0217931,15.43187673
1932,206.5325421,16.11537014
1991,386.1152161,17.3114059
1989,216.9243148,14.81684634
1965,193.6196499,14.97060688
2010,261.9748941,17.16907098
2018,236.2330424,17.53699679
2008,227.9215323,16.54829094
1929,200.0155085,13.9897043
1988,258.0193102,15.14888598
1975,200.9345637,16.97427253
1974,223.4286291,14.25512781
1952,218.1324394,18.62685325
1971,202.3875332,18.11863534
1986,202.5524375,17.01857989
1946,214.0541758,16.16792518
1980,246.4120758,15.24973975
1999,215.7948969,16.77057241
1992,206.5754181,13.93935634
2015,223.4484738,17.32662283
2016,208.0949838,17.76157262
2009,212.8285115,17.17089051
2017,210.9193288,16.59538756
2004,208.4891237,15.24842103
1969,195.7722648,13.78427671
1944,199.7705026,18.2269444
1936,293.8404701,14.96138344
1971,184.1464476,17.9560337
1989,239.811276,14.88437307
1960,223.8616101,15.24967006
1982,186.8029254,13.33079526
1937,171.6298269,16.08245221
1945,234.9184981,14.67874236
1938,204.4176161,15.3101206
1925,166.626285,16.83148953
1992,190.0366018,14.18015988
1999,203.5998317,16.33365574
1998,206.4908762,16.23119967
2002,203.3127917,17.28697998
2004,188.4147377,14.96298284
2009,200.8595078,16.956413
2015,215.6781862,16.49848055
1940,251.3170169,13.64718465
1958,317.6346378,10.8376918
1928,193.0322163,11.29852967
1980,257.7057207,12.23099016
1952,260.6612926,15.56678961
1949,258.7949454,15.39268053
1987,282.3287818,15.17326686
1979,251.1659211,13.42025104
1961,298.3643293,12.53338166
1943,217.2724604,15.58758005
1991,441.5266234,15.24322664
1956,297.6294027,14.93906385
2006,266.0831397,13.25554312
2016,256.8627,14.44625599
1929,181.9101316,14.03529726
1958,213.0446267,13.54844152
1976,161.8601095,15.58937395
1953,266.6026269,17.7762927
1944,227.9053738,17.73201971
1966,237.549174,14.91096851
1978,187.5145909,16.09855946
1993,224.0360309,15.22916528
2009,209.9105847,16.22505666
2013,220.6617887,15.97929425
1955,192.8575988,13.69269673
1929,184.0709604,14.22525119
1940,188.5358672,16.87060047
1975,184.8148364,17.01085124
1954,202.503696,18.37994043
1970,193.4771351,15.83648843
1948,187.0637839,15.92405663
1961,187.6296953,14.36207595
1960,188.7722921,15.2645397
1993,187.573677,15.95034716
1995,193.8327755,16.28825921
2003,187.8487583,13.83804908
1997,190.6617776,16.21907285
1999,189.1714398,16.88218076
2018,186.4777534,18.57862024
1985,270.8128447,15.57701411
1950,293.3193299,16.35312438
1951,285.2603701,15.81370121
1958,285.9552626,15.13831627
1959,300.4180447,17.10601712
1928,239.1587576,14.28256517
1987,277.8214751,18.19685903
1936,373.3064471,15.59074148
2002,291.4040686,18.77317502
2000,271.5808407,16.45076883
2005,288.8617299,18.20431441
1985,302.4119057,15.89581713
1961,302.2471535,15.76111307
1937,301.6659554,18.00253862
1990,305.2002422,18.05442599
1940,301.7694186,17.53139857
2002,307.7222064,19.21382675
1998,305.9348308,18.46482834
2006,313.6463079,17.78695976
1991,403.5233691,18.82328092
1935,382.6087262,15.26759313
1950,386.6379218,17.02405783
1940,403.3109878,16.87818442
1980,424.9267225,16.19804653
1979,335.1960626,16.48469397
1928,345.0366536,14.52707083
1937,379.6787188,17.05296387
1969,359.9097649,15.78311241
1968,354.8771524,16.8491876
1998,379.2015075,17.90676869
1946,214.2870068,14.76580409
1960,239.2310359,14.57659472
1985,186.9666975,14.22550273
1963,194.43548,14.99095509
1976,184.1705811,14.88403716
1939,173.0728282,16.67252827
1953,255.385188,16.75924896
1969,180.8250925,13.23243884
1933,283.6715537,17.38736272
1951,235.4999025,14.26390071
1968,235.6692863,15.80909366
1931,214.0358968,16.73010917
2012,323.1444182,15.5320065
2004,200.2589752,15.23115685
1962,200.007483,15.27272758
1943,194.6000301,17.79354841
1965,189.4628529,14.91265408
1956,239.1037365,16.40224794
1961,227.5348267,14.19261597
1989,413.0834651,15.15738961
1960,291.8086349,14.67547523
1971,167.4995992,18.14557805
2013,253.9225725,16.1038788
2005,259.5250472,17.51031441
2018,183.4684515,18.02309704
1988,436.0330708,16.24598684
1934,540.0202823,19.59191496
1983,438.2637958,16.25837743
1968,353.8229665,17.20646557
1986,375.37994,18.6252142
1991,380.6185616,18.83654817
1984,347.8826442,19.04637979
1965,343.9310563,17.11590107
1982,336.3148822,15.31371998
1926,342.5255685,15.18835363
1971,376.7599496,18.4801302
1943,387.5383615,19.2665159
1998,385.2102193,18.30528447
2003,373.0345791,15.18254545
2011,418.1779705,19.05175152
2004,306.6258639,16.56473799
1952,271.0753525,19.0187709
1946,251.4529338,16.89979482
1931,272.6944877,17.56092723
1977,253.9295093,16.14947171
1967,228.8124676,16.90268544
1983,377.6600184,16.32921621
1986,231.6352519,17.60109245
1961,259.8361953,14.69531427
1930,318.0863027,15.02077001
1987,261.9099317,18.10991618
1957,300.2114354,17.51150505
1933,391.8532364,17.86160122
1948,228.9829804,15.91571928
1975,261.9194173,16.69128146
1941,245.1653435,17.20745485
2002,304.3569715,18.54853585
1998,271.8713239,17.66024339
1992,233.3103458,14.92013316
2012,407.3112829,16.13200607
2008,257.0038692,17.8528822
1948,219.8529609,15.78676985
1970,236.9477686,16.03725608
1980,226.6563851,14.9337426
1958,226.0806557,14.73021157
1966,234.9262675,14.80285561
1947,246.9008091,15.94633716
2001,225.7704636,15.22392251
1992,217.9836134,13.73669053
2000,222.4947071,15.44400808
2008,221.7269289,17.44213711
1981,174.2551872,17.30549733
1939,156.5761692,17.5985364
1970,261.5224802,15.97481837
1944,265.922855,17.9775157
1942,227.4359441,17.08124811
1936,398.380694,14.55011172
1986,168.3623578,16.97536872
1962,194.3913964,16.11469225
1988,334.8785903,15.40533663
2002,284.9356064,17.9487652
1994,180.1809674,17.27048353
2001,211.7003971,15.28059444
1992,170.8073887,14.21955823
2006,231.2239326,16.0405112
2005,229.4921232,17.26482477
2018,189.5961118,18.6982573
1939,220.8933269,15.37005887
1935,276.9539523,12.52908752
1961,256.6576629,13.43862109
1964,228.8266268,14.31312622
1926,263.4305032,11.03943336
1982,220.486294,10.95744496
2011,252.1752018,15.66466532
2010,241.8404192,15.81248048
2007,220.5016036,15.07449258
2018,249.1423106,16.24752569
2004,216.2420602,14.03709707
2006,233.1121908,13.91848639
1991,246.7577856,17.22029974
1958,201.6063617,13.35627195
1933,333.955669,17.82190312
1929,217.2387971,13.85103991
1932,144.4433504,16.18136575
1992,216.2693578,13.05685015
2006,224.3301987,15.27029796
1946,417.9094699,17.5404316
1982,415.0308225,15.30416082
1947,543.8037651,17.6008437
1954,604.3300406,18.46245223
1935,451.9662153,15.87788144
1949,458.5136857,18.51581033
1937,439.5246578,17.73669817
1991,513.2528925,19.08323493
2000,439.8008195,17.10738504
2018,445.4003404,20.07110666
1927,164.7348144,13.52441671
1931,188.4534392,17.07631781
1944,280.789792,17.84403706
1962,170.979218,15.89648825
1956,195.083761,16.25707163
1983,281.6564387,15.94944852
1945,238.7485806,14.56240215
1951,240.6600475,15.05593521
1982,186.5509056,13.4262891
1946,207.0508685,15.89491727
1994,166.0362765,16.89576194
2003,196.1963108,13.48812861
2008,230.597156,17.14106491
2007,202.1649664,16.24533579
2017,198.3489744,16.31302324
1970,313.4451122,16.1405032
1976,307.8810955,15.40720577
1959,306.3028792,17.03868152
1935,305.9685272,15.03095681
1974,306.7737112,14.05486513
2010,308.2907472,18.99217135
1963,211.7292498,14.76887488
1946,214.4797357,14.88094043
1961,229.0448493,14.18112116
1949,249.0768168,17.42441628
1991,319.9961838,16.74408977
1942,127.1387607,16.1909584
1950,274.6675915,14.9098347
1984,212.0815988,16.36991406
1999,233.9488915,15.93514677
2001,212.8924464,14.45733798
1998,211.4235001,15.77824205
2004,178.7640966,15.31785681
2016,192.0227694,16.68022073
1974,452.9029364,15.04932897
1941,438.4681593,17.41351258
1948,406.9967654,16.69748055
1943,402.7573754,19.23483781
1980,474.6420701,16.43357816
1931,433.7538408,18.09382913
1988,457.116799,15.5112292
1998,430.0738281,18.40211494
2000,402.6358178,16.6271383
2018,410.9627251,19.87286332
2011,451.3175571,19.19526318
2010,427.8393539,20.75926904
1944,551.5241219,18.60904342
1929,389.19218,15.32093632
1946,375.086675,16.75539503
1987,349.5662663,17.87698314
1932,334.8587333,17.26707551
1941,409.9578508,17.38683301
1947,426.5322004,16.81246918
1998,412.9295814,18.24325418
1955,274.110415,14.03593942
1925,153.8602799,16.15519796
1961,227.3942027,14.84060356
1979,188.1657579,15.6143611
1937,178.0757343,15.90929198
1935,259.2489612,14.2738934
1980,225.1320256,14.90120539
1992,220.7491449,13.86775039
1996,238.8874575,16.21738075
2015,236.7796752,15.78372897
2013,247.7006905,16.12612909
2018,201.2270661,18.04946059
2010,268.6793544,17.72667255
1954,430.3352046,19.23257032
1944,344.0675019,19.24752446
1955,349.8762614,15.45855875
1967,323.2937053,17.48696093
1982,331.2626534,15.29338764
1928,322.5365938,15.31845137
2012,392.1924205,16.65854849
2004,331.5753383,16.86130092
1966,339.5925977,14.93504965
1987,316.7584397,18.44097629
1973,369.941785,17.74165303
1931,321.2568991,17.84728812
1948,316.9557675,16.45353009
1999,395.1638978,18.38810674
1998,405.0494952,18.68404617
1993,341.5168608,16.74051049
2011,378.2413633,19.61367574
2013,335.3056477,18.09966617
2004,322.6153658,16.85165358
2015,340.7151201,19.04735362
1961,195.5686316,14.6214218
1932,149.5953655,17.00331624
1930,221.1768194,15.23437786
1966,204.4033192,14.63898791
1938,188.5628229,16.12362855
1976,187.3070624,15.45934737
1970,222.6475623,16.17348972
1994,171.4988527,17.58401505
1993,187.620778,16.19412856
2002,210.4126178,18.31544088
2010,223.5468259,19.17142592
2006,199.3407744,16.19007467
2013,194.2617222,17.03508224
1991,277.358006,17.92747161
1969,258.1220947,13.84014611
1953,299.7632164,18.76292545
1973,276.5616817,16.81085786
1932,232.7485186,16.82905866
1956,278.3352238,17.05951987
1935,345.4926811,14.56185899
1929,279.651294,14.93904332
1992,259.9319878,14.01004817
2000,264.4035275,15.3923966
1994,250.9781875,17.42851301
2018,269.2230118,18.49149566
2014,257.144539,17.19711847
2004,241.455875,14.95396793
2013,289.2179365,16.6638941
1945,304.8700741,15.1112289
1946,262.5683139,16.37337646
1984,306.2380068,18.29709465
1956,278.9729032,16.40841987
1928,228.0476693,13.74325961
1968,264.5846126,16.77797157
1992,240.3747652,14.34359157
2012,393.7729897,15.64650902
2007,262.0828482,17.13412497
1965,165.6341217,14.59466543
1946,189.4032599,14.52566186
1969,167.8930793,13.11302793
1930,224.2681767,14.83617133
1982,167.9191414,11.95609857
1978,184.7952057,14.80890984
1936,310.3378408,13.59870657
1979,167.4971887,14.93375487
1997,200.9287963,14.99114244
2006,189.7667786,14.69631357
2005,246.3409573,17.16578816
1951,254.8412194,12.73652195
1937,259.3194742,13.75386117
1986,248.3119136,13.38401502
1953,246.1182292,14.88423577
1958,249.397525,11.87659299
1991,264.5188551,15.63322531
1950,263.1044146,13.44710054
1979,242.9929239,13.44054945
1948,247.0532157,13.09860041
1931,256.4313213,15.80807072
2003,251.0571238,12.63642386
2000,254.5436326,13.6775744
1997,257.0178306,13.96934523
1998,246.3592763,14.38250436
1995,266.2551193,15.2746412
2014,248.1503351,15.2915087
2006,247.2293127,13.58453955
1934,338.4916996,18.51443976
1952,204.3392388,18.68378957
1970,298.9327309,15.77855631
1991,225.7948208,17.64738114
1957,210.3802716,16.41554207
1961,214.1150148,14.36252613
1941,126.6453077,16.76564234
1996,208.4548899,16.1011856
2002,258.9432019,17.25643026
2011,254.7602056,16.80962623
1975,237.4612292,16.6015873
1988,339.5755419,14.92634943
1958,272.8793539,13.18418879
1963,238.5461393,14.50605644
1936,334.7237021,13.61104994
1989,267.1205868,15.90605383
1946,263.9008622,15.63884071
1941,237.5197315,16.05083801
1933,356.2593427,17.13032316
2006,259.7223364,15.57179407
2013,270.6428617,16.43500757
2016,252.5315639,17.07337656
1991,193.9917327,17.95681074
1948,172.4184614,15.31998687
1973,169.1210271,16.34174193
1963,176.6474186,15.99522528
1957,211.862964,15.89684973
1928,129.2863843,13.56421599
1929,160.7509047,14.26523723
1987,212.7612467,17.31394002
1926,158.8655763,13.23530423
1993,235.3092073,15.35648088
2003,171.7527864,14.03837217
1992,173.5417186,14.08588159
2001,187.2168837,14.80642367
1994,140.5105033,16.67546809
2005,226.1297438,17.56299017
2004,159.5263237,15.0187058
2017,140.5525146,15.79409986
2014,170.0060699,16.68842467
1956,358.3372412,17.10994033
1939,351.480923,18.24758978
1961,349.3239688,15.24724604
1941,416.2396774,17.45329241
1931,332.8519985,18.02376062
1985,361.1085995,16.65377679
1960,372.2994397,16.4323713
1929,360.0306287,15.55464551
1942,353.2755063,17.95433786
1958,364.4044841,15.80859791
1975,362.0339118,17.84194389
1926,357.7614495,14.83815825
2003,385.8853158,15.13045645
1998,372.0060019,18.42468286
2000,364.9630295,17.14822714
2011,396.2254055,19.1456397
1956,345.7400253,16.62718869
1953,481.4588636,19.53899876
1966,358.9255368,14.83461471
1981,325.0119948,18.5497402
1959,373.6120376,16.5300324
1928,333.4126934,14.89673758
1963,300.9164934,16.34419415
1977,328.8078188,16.50113748
1998,383.9448959,18.21950307
1999,369.005182,17.58430402
2017,371.3949391,16.94209856
2007,388.1677566,17.10625877
2010,372.5955018,20.14574281
1927,254.9848533,16.08970635
1932,233.5301455,18.23461244
1968,269.3174487,17.55260124
1948,247.8548194,16.99983264
1944,395.9751274,19.30076807
1992,238.7595405,15.3074907
2017,308.8313939,17.4504011
2010,322.3025824,20.73418294
1944,214.0689448,17.24898391
1984,286.0188934,15.66141336
1952,222.2660299,17.4712445
1927,297.8239872,12.73518312
1926,276.0449014,11.93115105
1947,335.5572068,13.78971645
1945,262.6987819,13.37444488
1992,245.5535133,12.68717854
2014,264.9135455,16.17371897
2007,251.2191642,15.43121636
1968,299.9353746,14.96650477
1979,273.9498621,14.70453634
1956,311.9204426,16.02493675
1991,422.5302788,17.11089493
1974,380.573741,13.27799085
1954,390.583132,17.94708768
1982,326.8958461,14.91095896
1938,333.2602912,16.5136439
1950,361.8603169,17.19583995
1974,374.9604627,14.59295528
1937,363.9187669,17.65155884
1968,341.4607615,17.67138753
1946,327.2759718,17.5340525
1951,368.9474426,17.21989904
1947,372.7780203,17.79532936
1999,406.456015,18.17154776
1998,386.1671779,18.7923897
2010,373.3722494,20.92429103
1969,264.9928116,11.72097337
1963,302.3039563,14.26824491
1975,282.1171082,15.29958595
1929,308.8704865,12.18809149
1984,301.8994855,14.91363544
1972,262.8074004,12.17991699
1944,285.8673722,16.37937523
1955,230.9585208,13.70698238
1943,184.2385268,17.68906375
1962,159.987316,15.12153456
1953,232.577565,17.1008777
1965,165.2671224,14.87967885
1954,201.8561899,17.62693212
1928,161.6078893,13.0253339
1961,181.8288324,14.09090316
1935,186.9054888,13.97589741
1974,274.8484737,13.90803395
2001,194.5704354,14.58881812
1992,184.2569168,13.03333591
2007,166.7642954,16.00325744
2016,166.6301477,16.89159091
2004,185.5379062,14.92734057
2014,177.4732386,16.71105512
